Original_Name,Original_SMILES,Cleaned_SMILES,Trigger_Type,Trigger_SMILES
Fmoc-Val-Cit-PAB,CC(C)[C@@H](C(=O)N[C@@H](CCCNC(=O)N)C(=O)NC1=CC=C(C=C1)CO)NC(=O)OCC2C3=CC=CC=C3C4=CC=CC=C24,CC(C)[C@H](N)C(=O)N[C@@H](CCCNC(N)=O)C(=O)Nc1ccc(CO)cc1,Val-Cit-PAB,CC(C)[C@@H](C(=O)N[C@@H](CCCNC(=O)N)C(=O)Nc1ccc(CO)cc1)N
Fmoc-Gly3-Val-Cit-PAB,CC(C)[C@@H](C(=O)N[C@@H](CCCNC(=O)N)C(=O)NC1=CC=C(C=C1)CO)NC(=O)CNC(=O)CNC(=O)CNC(=O)OCC2C3=CC=CC=C3C4=CC=CC=C24,CC(C)[C@H](NC(=O)CNC(=O)CNC(=O)CN)C(=O)N[C@@H](CCCNC(N)=O)C(=O)Nc1ccc(CO)cc1,Val-Cit-PAB,CC(C)[C@@H](C(=O)N[C@@H](CCCNC(=O)N)C(=O)Nc1ccc(CO)cc1)N
Phe-Lys(Fmoc)-PAB,C1=CC=C(C=C1)C[C@@H](C(=O)N[C@@H](CCCCNC(=O)OCC2C3=CC=CC=C3C4=CC=CC=C24)C(=O)NC5=CC=C(C=C5)CO)N,NCCCC[C@H](NC(=O)[C@@H](N)Cc1ccccc1)C(=O)Nc1ccc(CO)cc1,Phe-Lys-PAB,c1ccccc1C[C@@H](C(=O)N[C@@H](CCCCN)C(=O)Nc1ccc(CO)cc1)N
DBCO-PEG4-Propionic-Val-Cit-PAB,CC(C)[C@@H](C(=O)N[C@@H](CCCNC(=O)N)C(=O)NC1=CC=C(C=C1)CO)NC(=O)CCOCCOCCOCCNC(=O)CCC(=O)N2CC3=CC=CC=C3C#CC4=CC=CC=C42,CC(C)[C@H](NC(=O)CCOCCOCCOCCNC(=O)CCC(=O)N1Cc2ccccc2C#Cc2ccccc21)C(=O)N[C@@H](CCCNC(N)=O)C(=O)Nc1ccc(CO)cc1,Val-Cit-PAB,CC(C)[C@@H](C(=O)N[C@@H](CCCNC(=O)N)C(=O)Nc1ccc(CO)cc1)N
MC-Val-Cit-PAB-OH,CC(C)[C@@H](C(=O)N[C@@H](CCCNC(=O)N)C(=O)NC1=CC=C(C=C1)CO)NC(=O)CCCCCN2C(=O)C=CC2=O,CC(C)[C@H](NC(=O)CCCCCN1C(=O)C=CC1=O)C(=O)N[C@@H](CCCNC(N)=O)C(=O)Nc1ccc(CO)cc1,Val-Cit-PAB,CC(C)[C@@H](C(=O)N[C@@H](CCCNC(=O)N)C(=O)Nc1ccc(CO)cc1)N
MC-Val-Ala-PAB,C[C@@H](C(=O)NC1=CC=C(C=C1)CO)NC(=O)[C@H](C(C)C)NC(=O)CCCCCN2C(=O)C=CC2=O,CC(C)[C@H](NC(=O)CCCCCN1C(=O)C=CC1=O)C(=O)N[C@@H](C)C(=O)Nc1ccc(CO)cc1,Val-Ala-PAB,CC(C)[C@@H](C(=O)N[C@@H](C)C(=O)Nc1ccc(CO)cc1)N
TCO-PEG1-Val-Cit-PABC-OH,CC(C)[C@H](C(=O)N[C@@H](CCCNC(=O)N)C(=O)NC1=CC=C(C=C1)CO)NC(=O)CCOCCNC(=O)OC2CCCC/C=C/C2,CC(C)[C@@H](NC(=O)CCOCCNC(=O)O)C(=O)N[C@@H](CCCNC(N)=O)C(=O)Nc1ccc(CO)cc1,Val-Cit-PAB,CC(C)[C@@H](C(=O)N[C@@H](CCCNC(=O)N)C(=O)Nc1ccc(CO)cc1)N
N3-PEG1-Val-Cit-PABC-OH,CC(C)[C@@H](C(=O)N[C@@H](CCCNC(=O)N)C(=O)NC1=CC=C(C=C1)CO)NC(=O)CCOCCN=[N+]=[N-],CC(C)[C@H](NC(=O)CCOCCN=[N+]=[N-])C(=O)N[C@@H](CCCNC(N)=O)C(=O)Nc1ccc(CO)cc1,Val-Cit-PAB,CC(C)[C@@H](C(=O)N[C@@H](CCCNC(=O)N)C(=O)Nc1ccc(CO)cc1)N
BCN-PEG1-Val-Cit-PABC-OH,CC(C)C(C(=O)N[C@@H](CCCNC(=O)N)C(=O)NC1=CC=C(C=C1)CO)NC(=O)CCOCCNC(=O)OCC2[C@H]3[C@@H]2CCC#CCC3,CC(C)C(NC(=O)CCOCCNC(=O)O)C(=O)N[C@@H](CCCNC(N)=O)C(=O)Nc1ccc(CO)cc1,Val-Cit-PAB,CC(C)[C@@H](C(=O)N[C@@H](CCCNC(=O)N)C(=O)Nc1ccc(CO)cc1)N
Fmoc-Val-Ala-PAB,C[C@@H](C(=O)NC1=CC=C(C=C1)CO)NC(=O)[C@H](C(C)C)NC(=O)OCC2C3=CC=CC=C3C4=CC=CC=C24,CC(C)[C@H](N)C(=O)N[C@@H](C)C(=O)Nc1ccc(CO)cc1,Val-Ala-PAB,CC(C)[C@@H](C(=O)N[C@@H](C)C(=O)Nc1ccc(CO)cc1)N
Mal-amido-PEG2-Val-Cit-PAB-OH,CC(C)[C@@H](C(=O)N[C@@H](CCCNC(=O)N)C(=O)NC1=CC=C(C=C1)CO)NC(=O)CCOCCOCCNC(=O)CCN2C(=O)C=CC2=O,CC(C)[C@H](NC(=O)CCOCCOCCNC(=O)CCN1C(=O)C=CC1=O)C(=O)N[C@@H](CCCNC(N)=O)C(=O)Nc1ccc(CO)cc1,Val-Cit-PAB,CC(C)[C@@H](C(=O)N[C@@H](CCCNC(=O)N)C(=O)Nc1ccc(CO)cc1)N
N3-PEG3-Val-Cit-PAB-OH,CC(C)[C@@H](C(=O)N[C@@H](CCCNC(=O)N)C(=O)NC1=CC=C(C=C1)CO)NC(=O)CCOCCOCCOCCN=[N+]=[N-],CC(C)[C@H](NC(=O)CCOCCOCCOCCN=[N+]=[N-])C(=O)N[C@@H](CCCNC(N)=O)C(=O)Nc1ccc(CO)cc1,Val-Cit-PAB,CC(C)[C@@H](C(=O)N[C@@H](CCCNC(=O)N)C(=O)Nc1ccc(CO)cc1)N
DBCO-PEG4-acetic-Val-Cit-PAB,CC(C)[C@@H](C(=O)N[C@@H](CCCNC(=O)N)C(=O)NC1=CC=C(C=C1)CO)NC(=O)COCCOCCOCCNC(=O)CCC(=O)N2CC3=CC=CC=C3C#CC4=CC=CC=C42,CC(C)[C@H](NC(=O)COCCOCCOCCNC(=O)CCC(=O)N1Cc2ccccc2C#Cc2ccccc21)C(=O)N[C@@H](CCCNC(N)=O)C(=O)Nc1ccc(CO)cc1,Val-Cit-PAB,CC(C)[C@@H](C(=O)N[C@@H](CCCNC(=O)N)C(=O)Nc1ccc(CO)cc1)N
SPDP-Val-Cit-PAB-OH,CC(C)[C@@H](C(=O)N[C@@H](CCCNC(=O)N)C(=O)NC1=CC=C(C=C1)CO)NC(=O)CCSSC2=CC=CC=N2,CC(C)[C@H](NC(=O)CCSSc1ccccn1)C(=O)N[C@@H](CCCNC(N)=O)C(=O)Nc1ccc(CO)cc1,Val-Cit-PAB,CC(C)[C@@H](C(=O)N[C@@H](CCCNC(=O)N)C(=O)Nc1ccc(CO)cc1)N
Mal-PEG4-Val-Cit-PAB-OH,CC(C)[C@@H](C(=O)N[C@@H](CCCNC(=O)N)C(=O)NC1=CC=C(C=C1)CO)NC(=O)CCOCCOCCOCCOCCN2C(=O)C=CC2=O,CC(C)[C@H](NC(=O)CCOCCOCCOCCOCCN1C(=O)C=CC1=O)C(=O)N[C@@H](CCCNC(N)=O)C(=O)Nc1ccc(CO)cc1,Val-Cit-PAB,CC(C)[C@@H](C(=O)N[C@@H](CCCNC(=O)N)C(=O)Nc1ccc(CO)cc1)N
Azido-PEG4-Val-Cit-PAB-OH,CC(C)[C@@H](C(=O)N[C@@H](CCCNC(=O)N)C(=O)NC1=CC=C(C=C1)CO)NC(=O)CCOCCOCCOCCOCCN=[N+]=[N-],CC(C)[C@H](NC(=O)CCOCCOCCOCCOCCN=[N+]=[N-])C(=O)N[C@@H](CCCNC(N)=O)C(=O)Nc1ccc(CO)cc1,Val-Cit-PAB,CC(C)[C@@H](C(=O)N[C@@H](CCCNC(=O)N)C(=O)Nc1ccc(CO)cc1)N
