logp,mol_wt,name,qed,smiles
2.8735999999999997,205.648,saturn mock candidate 8,0.8194565822935654,Clc1ccccc1Nc1ncccn1
2.6916,191.01299999999998,saturn mock candidate 6,0.7401842714593464,OC(=O)c1ccc(Cl)c(Cl)c1
1.8134000000000001,161.204,saturn mock candidate 12,0.6147906334184668,O=C1CCCN1c1ccccc1
1.4455,165.19199999999998,saturn mock candidate 1,0.5326180793674542,CCOC(=O)c1ccc(N)cc1
2.938900000000001,197.237,saturn mock candidate 3,0.7874913866928777,O=C(Nc1ccccc1)c1ccccc1
1.1964000000000001,151.20900000000003,saturn mock candidate 2,0.7040409817749098,COc1ccc(CCN)cc1
3.073200000000001,206.28499999999997,saturn mock candidate 11,0.8215995486924976,CC(C)Cc1ccc(C(C)C(=O)O)cc1
0.3551999999999998,211.217,saturn mock candidate 10,0.6680555259056565,COc1cc(CC(N)C(=O)O)ccc1O
1.3505999999999998,151.165,saturn mock candidate 4,0.5950261967780849,CC(=O)Nc1ccc(O)cc1
0.6424200000000002,171.221,saturn mock candidate 7,0.6737401345200019,Cc1ccc(S(=O)(=O)N)cc1
0.18050000000000016,122.12699999999997,saturn mock candidate 9,0.5772627921564857,NC(=O)c1cccnc1
-1.0293,194.194,saturn mock candidate 5,0.5384628262372215,Cn1cnc2c1c(=O)n(C)c(=O)n2C
2.0024,168.16699999999997,ethyl 4-fluorobenzoate,0.6311347811432081,CCOC(=O)c1ccc(F)cc1
1.5668799999999998,133.15,4-methoxybenzonitrile,0.5820968638734555,COc1ccc(C#N)cc1
2.542600000000001,154.596,4-chloroacetophenone,0.5685292666854166,CC(=O)c1ccc(Cl)cc1
1.5239,140.113,4-fluorobenzoic acid,0.6416857728396073,O=C(O)c1ccc(F)cc1
1.7526,121.18299999999995,"N,N-dimethylaniline",0.5468274487440188,CN(C)c1ccccc1
